image_id,split,instance_count,image_relative_path,label_relative_path
IMG0000019.jpg,train,1,images/train/IMG0000019.jpg,labels/train/IMG0000019.txt
IMG0000025.jpg,train,1,images/train/IMG0000025.jpg,labels/train/IMG0000025.txt
IMG0000044.jpg,train,1,images/train/IMG0000044.jpg,labels/train/IMG0000044.txt
IMG0000057.jpg,train,1,images/train/IMG0000057.jpg,labels/train/IMG0000057.txt
IMG0000058.jpg,train,1,images/train/IMG0000058.jpg,labels/train/IMG0000058.txt
IMG0000059.jpg,train,1,images/train/IMG0000059.jpg,labels/train/IMG0000059.txt
IMG0000092.jpg,train,1,images/train/IMG0000092.jpg,labels/train/IMG0000092.txt
IMG0000100.jpg,train,1,images/train/IMG0000100.jpg,labels/train/IMG0000100.txt
IMG0000142.jpg,train,1,images/train/IMG0000142.jpg,labels/train/IMG0000142.txt
IMG0000143.jpg,train,1,images/train/IMG0000143.jpg,labels/train/IMG0000143.txt
IMG0000144.jpg,train,1,images/train/IMG0000144.jpg,labels/train/IMG0000144.txt
IMG0000151.jpg,train,1,images/train/IMG0000151.jpg,labels/train/IMG0000151.txt
IMG0000155.jpg,train,1,images/train/IMG0000155.jpg,labels/train/IMG0000155.txt
IMG0000156.jpg,train,1,images/train/IMG0000156.jpg,labels/train/IMG0000156.txt
IMG0000188.jpg,train,1,images/train/IMG0000188.jpg,labels/train/IMG0000188.txt
IMG0000189.jpg,train,1,images/train/IMG0000189.jpg,labels/train/IMG0000189.txt
IMG0000190.jpg,train,1,images/train/IMG0000190.jpg,labels/train/IMG0000190.txt
IMG0000206.jpg,train,1,images/train/IMG0000206.jpg,labels/train/IMG0000206.txt
IMG0000207.jpg,train,1,images/train/IMG0000207.jpg,labels/train/IMG0000207.txt
IMG0000261.jpg,train,2,images/train/IMG0000261.jpg,labels/train/IMG0000261.txt
IMG0000284.jpg,train,2,images/train/IMG0000284.jpg,labels/train/IMG0000284.txt
IMG0000307.jpg,train,3,images/train/IMG0000307.jpg,labels/train/IMG0000307.txt
IMG0000319.jpg,train,1,images/train/IMG0000319.jpg,labels/train/IMG0000319.txt
IMG0000351.jpg,train,1,images/train/IMG0000351.jpg,labels/train/IMG0000351.txt
IMG0000352.jpg,train,1,images/train/IMG0000352.jpg,labels/train/IMG0000352.txt
IMG0000443.jpg,train,1,images/train/IMG0000443.jpg,labels/train/IMG0000443.txt
IMG0000453.jpg,train,1,images/train/IMG0000453.jpg,labels/train/IMG0000453.txt
IMG0000454.jpg,train,1,images/train/IMG0000454.jpg,labels/train/IMG0000454.txt
IMG0000455.jpg,train,1,images/train/IMG0000455.jpg,labels/train/IMG0000455.txt
IMG0000456.jpg,train,1,images/train/IMG0000456.jpg,labels/train/IMG0000456.txt
IMG0000466.jpg,train,2,images/train/IMG0000466.jpg,labels/train/IMG0000466.txt
IMG0000467.jpg,train,2,images/train/IMG0000467.jpg,labels/train/IMG0000467.txt
IMG0000468.jpg,train,2,images/train/IMG0000468.jpg,labels/train/IMG0000468.txt
IMG0000470.jpg,train,1,images/train/IMG0000470.jpg,labels/train/IMG0000470.txt
IMG0000471.jpg,train,1,images/train/IMG0000471.jpg,labels/train/IMG0000471.txt
IMG0000472.jpg,train,1,images/train/IMG0000472.jpg,labels/train/IMG0000472.txt
IMG0000479.jpg,train,2,images/train/IMG0000479.jpg,labels/train/IMG0000479.txt
IMG0000480.jpg,train,1,images/train/IMG0000480.jpg,labels/train/IMG0000480.txt
IMG0000599.jpg,train,1,images/train/IMG0000599.jpg,labels/train/IMG0000599.txt
IMG0000600.jpg,train,1,images/train/IMG0000600.jpg,labels/train/IMG0000600.txt
IMG0000671.jpg,train,2,images/train/IMG0000671.jpg,labels/train/IMG0000671.txt
IMG0000692.jpg,train,2,images/train/IMG0000692.jpg,labels/train/IMG0000692.txt
IMG0000702.jpg,train,1,images/train/IMG0000702.jpg,labels/train/IMG0000702.txt
IMG0000750.jpg,train,1,images/train/IMG0000750.jpg,labels/train/IMG0000750.txt
IMG0000751.jpg,train,1,images/train/IMG0000751.jpg,labels/train/IMG0000751.txt
IMG0000758.jpg,train,1,images/train/IMG0000758.jpg,labels/train/IMG0000758.txt
IMG0000762.jpg,train,1,images/train/IMG0000762.jpg,labels/train/IMG0000762.txt
IMG0000763.jpg,train,1,images/train/IMG0000763.jpg,labels/train/IMG0000763.txt
IMG0000776.jpg,train,1,images/train/IMG0000776.jpg,labels/train/IMG0000776.txt
IMG0000777.jpg,train,1,images/train/IMG0000777.jpg,labels/train/IMG0000777.txt
IMG0000801.jpg,train,1,images/train/IMG0000801.jpg,labels/train/IMG0000801.txt
IMG0000804.jpg,train,1,images/train/IMG0000804.jpg,labels/train/IMG0000804.txt
IMG0000805.jpg,train,1,images/train/IMG0000805.jpg,labels/train/IMG0000805.txt
IMG0000822.jpg,train,1,images/train/IMG0000822.jpg,labels/train/IMG0000822.txt
IMG0000844.jpg,train,1,images/train/IMG0000844.jpg,labels/train/IMG0000844.txt
IMG0000845.jpg,train,1,images/train/IMG0000845.jpg,labels/train/IMG0000845.txt
IMG0000851.jpg,train,2,images/train/IMG0000851.jpg,labels/train/IMG0000851.txt
IMG0000852.jpg,train,1,images/train/IMG0000852.jpg,labels/train/IMG0000852.txt
IMG0001007.jpg,train,1,images/train/IMG0001007.jpg,labels/train/IMG0001007.txt
IMG0001008.jpg,train,1,images/train/IMG0001008.jpg,labels/train/IMG0001008.txt
IMG0001025.jpg,train,1,images/train/IMG0001025.jpg,labels/train/IMG0001025.txt
IMG0001026.jpg,train,1,images/train/IMG0001026.jpg,labels/train/IMG0001026.txt
IMG0001041.jpg,train,1,images/train/IMG0001041.jpg,labels/train/IMG0001041.txt
IMG0001073.jpg,train,2,images/train/IMG0001073.jpg,labels/train/IMG0001073.txt
IMG0001123.jpg,train,2,images/train/IMG0001123.jpg,labels/train/IMG0001123.txt
IMG0001147.jpg,train,1,images/train/IMG0001147.jpg,labels/train/IMG0001147.txt
IMG0001148.jpg,train,1,images/train/IMG0001148.jpg,labels/train/IMG0001148.txt
IMG0001151.jpg,train,1,images/train/IMG0001151.jpg,labels/train/IMG0001151.txt
IMG0001152.jpg,train,1,images/train/IMG0001152.jpg,labels/train/IMG0001152.txt
IMG0001191.jpg,train,1,images/train/IMG0001191.jpg,labels/train/IMG0001191.txt
IMG0001192.jpg,train,1,images/train/IMG0001192.jpg,labels/train/IMG0001192.txt
IMG0001198.jpg,train,1,images/train/IMG0001198.jpg,labels/train/IMG0001198.txt
IMG0001199.jpg,train,1,images/train/IMG0001199.jpg,labels/train/IMG0001199.txt
IMG0001200.jpg,train,1,images/train/IMG0001200.jpg,labels/train/IMG0001200.txt
IMG0001236.jpg,train,2,images/train/IMG0001236.jpg,labels/train/IMG0001236.txt
IMG0001350.jpg,train,1,images/train/IMG0001350.jpg,labels/train/IMG0001350.txt
IMG0001351.jpg,train,1,images/train/IMG0001351.jpg,labels/train/IMG0001351.txt
IMG0001360.jpg,train,1,images/train/IMG0001360.jpg,labels/train/IMG0001360.txt
IMG0001361.jpg,train,1,images/train/IMG0001361.jpg,labels/train/IMG0001361.txt
IMG0001362.jpg,train,1,images/train/IMG0001362.jpg,labels/train/IMG0001362.txt
IMG0001363.jpg,train,1,images/train/IMG0001363.jpg,labels/train/IMG0001363.txt
IMG0001364.jpg,train,1,images/train/IMG0001364.jpg,labels/train/IMG0001364.txt
IMG0001365.jpg,train,1,images/train/IMG0001365.jpg,labels/train/IMG0001365.txt
IMG0001366.jpg,train,1,images/train/IMG0001366.jpg,labels/train/IMG0001366.txt
IMG0001367.jpg,train,1,images/train/IMG0001367.jpg,labels/train/IMG0001367.txt
IMG0001380.jpg,train,1,images/train/IMG0001380.jpg,labels/train/IMG0001380.txt
IMG0001381.jpg,train,1,images/train/IMG0001381.jpg,labels/train/IMG0001381.txt
IMG0001382.jpg,train,1,images/train/IMG0001382.jpg,labels/train/IMG0001382.txt
IMG0001391.jpg,train,1,images/train/IMG0001391.jpg,labels/train/IMG0001391.txt
IMG0001392.jpg,train,1,images/train/IMG0001392.jpg,labels/train/IMG0001392.txt
IMG0001410.jpg,train,2,images/train/IMG0001410.jpg,labels/train/IMG0001410.txt
IMG0001411.jpg,train,1,images/train/IMG0001411.jpg,labels/train/IMG0001411.txt
IMG0001428.jpg,train,2,images/train/IMG0001428.jpg,labels/train/IMG0001428.txt
IMG0001440.jpg,train,1,images/train/IMG0001440.jpg,labels/train/IMG0001440.txt
IMG0001441.jpg,train,1,images/train/IMG0001441.jpg,labels/train/IMG0001441.txt
IMG0001494.jpg,train,1,images/train/IMG0001494.jpg,labels/train/IMG0001494.txt
IMG0001495.jpg,train,1,images/train/IMG0001495.jpg,labels/train/IMG0001495.txt
IMG0001546.jpg,train,1,images/train/IMG0001546.jpg,labels/train/IMG0001546.txt
IMG0001570.jpg,train,1,images/train/IMG0001570.jpg,labels/train/IMG0001570.txt
IMG0001571.jpg,train,1,images/train/IMG0001571.jpg,labels/train/IMG0001571.txt
IMG0001572.jpg,train,1,images/train/IMG0001572.jpg,labels/train/IMG0001572.txt
IMG0001577.jpg,train,1,images/train/IMG0001577.jpg,labels/train/IMG0001577.txt
IMG0001578.jpg,train,1,images/train/IMG0001578.jpg,labels/train/IMG0001578.txt
IMG0001639.jpg,train,1,images/train/IMG0001639.jpg,labels/train/IMG0001639.txt
IMG0001640.jpg,train,1,images/train/IMG0001640.jpg,labels/train/IMG0001640.txt
IMG0001710.jpg,train,1,images/train/IMG0001710.jpg,labels/train/IMG0001710.txt
IMG0001730.jpg,train,2,images/train/IMG0001730.jpg,labels/train/IMG0001730.txt
IMG0001731.jpg,train,2,images/train/IMG0001731.jpg,labels/train/IMG0001731.txt
IMG0001738.jpg,train,1,images/train/IMG0001738.jpg,labels/train/IMG0001738.txt
IMG0001739.jpg,train,1,images/train/IMG0001739.jpg,labels/train/IMG0001739.txt
IMG0001760.jpg,train,2,images/train/IMG0001760.jpg,labels/train/IMG0001760.txt
IMG0001762.jpg,train,1,images/train/IMG0001762.jpg,labels/train/IMG0001762.txt
IMG0001763.jpg,train,1,images/train/IMG0001763.jpg,labels/train/IMG0001763.txt
IMG0001774.jpg,train,1,images/train/IMG0001774.jpg,labels/train/IMG0001774.txt
IMG0001780.jpg,train,2,images/train/IMG0001780.jpg,labels/train/IMG0001780.txt
IMG0001781.jpg,train,1,images/train/IMG0001781.jpg,labels/train/IMG0001781.txt
IMG0001805.jpg,train,1,images/train/IMG0001805.jpg,labels/train/IMG0001805.txt
IMG0001867.jpg,train,2,images/train/IMG0001867.jpg,labels/train/IMG0001867.txt
IMG0001868.jpg,train,1,images/train/IMG0001868.jpg,labels/train/IMG0001868.txt
IMG0001869.jpg,train,2,images/train/IMG0001869.jpg,labels/train/IMG0001869.txt
IMG0001870.jpg,train,1,images/train/IMG0001870.jpg,labels/train/IMG0001870.txt
IMG0001916.jpg,train,1,images/train/IMG0001916.jpg,labels/train/IMG0001916.txt
IMG0001933.jpg,train,1,images/train/IMG0001933.jpg,labels/train/IMG0001933.txt
IMG0001934.jpg,train,1,images/train/IMG0001934.jpg,labels/train/IMG0001934.txt
IMG0001938.jpg,train,1,images/train/IMG0001938.jpg,labels/train/IMG0001938.txt
IMG0001939.jpg,train,1,images/train/IMG0001939.jpg,labels/train/IMG0001939.txt
IMG0001948.jpg,train,1,images/train/IMG0001948.jpg,labels/train/IMG0001948.txt
IMG0001964.jpg,train,1,images/train/IMG0001964.jpg,labels/train/IMG0001964.txt
IMG0001965.jpg,train,1,images/train/IMG0001965.jpg,labels/train/IMG0001965.txt
IMG0001970.jpg,train,1,images/train/IMG0001970.jpg,labels/train/IMG0001970.txt
IMG0001971.jpg,train,1,images/train/IMG0001971.jpg,labels/train/IMG0001971.txt
IMG0001980.jpg,train,1,images/train/IMG0001980.jpg,labels/train/IMG0001980.txt
IMG0001981.jpg,train,1,images/train/IMG0001981.jpg,labels/train/IMG0001981.txt
IMG0002020.jpg,train,1,images/train/IMG0002020.jpg,labels/train/IMG0002020.txt
IMG0002021.jpg,train,1,images/train/IMG0002021.jpg,labels/train/IMG0002021.txt
IMG0002036.jpg,train,2,images/train/IMG0002036.jpg,labels/train/IMG0002036.txt
IMG0002037.jpg,train,2,images/train/IMG0002037.jpg,labels/train/IMG0002037.txt
IMG0002085.jpg,train,1,images/train/IMG0002085.jpg,labels/train/IMG0002085.txt
IMG0002086.jpg,train,2,images/train/IMG0002086.jpg,labels/train/IMG0002086.txt
IMG0002105.jpg,train,1,images/train/IMG0002105.jpg,labels/train/IMG0002105.txt
IMG0002106.jpg,train,1,images/train/IMG0002106.jpg,labels/train/IMG0002106.txt
IMG0002122.jpg,train,1,images/train/IMG0002122.jpg,labels/train/IMG0002122.txt
IMG0002123.jpg,train,1,images/train/IMG0002123.jpg,labels/train/IMG0002123.txt
IMG0002126.jpg,train,1,images/train/IMG0002126.jpg,labels/train/IMG0002126.txt
IMG0002127.jpg,train,1,images/train/IMG0002127.jpg,labels/train/IMG0002127.txt
IMG0002148.jpg,train,1,images/train/IMG0002148.jpg,labels/train/IMG0002148.txt
IMG0002180.jpg,train,1,images/train/IMG0002180.jpg,labels/train/IMG0002180.txt
IMG0002181.jpg,train,2,images/train/IMG0002181.jpg,labels/train/IMG0002181.txt
IMG0002208.jpg,train,2,images/train/IMG0002208.jpg,labels/train/IMG0002208.txt
IMG0002225.jpg,train,2,images/train/IMG0002225.jpg,labels/train/IMG0002225.txt
IMG0002265.jpg,train,2,images/train/IMG0002265.jpg,labels/train/IMG0002265.txt
IMG0002272.jpg,train,2,images/train/IMG0002272.jpg,labels/train/IMG0002272.txt
IMG0002274.jpg,train,2,images/train/IMG0002274.jpg,labels/train/IMG0002274.txt
IMG0002287.jpg,train,2,images/train/IMG0002287.jpg,labels/train/IMG0002287.txt
IMG0002298.jpg,train,2,images/train/IMG0002298.jpg,labels/train/IMG0002298.txt
IMG0002299.jpg,train,2,images/train/IMG0002299.jpg,labels/train/IMG0002299.txt
IMG0002300.jpg,train,2,images/train/IMG0002300.jpg,labels/train/IMG0002300.txt
IMG0002301.jpg,train,2,images/train/IMG0002301.jpg,labels/train/IMG0002301.txt
IMG0002302.jpg,train,1,images/train/IMG0002302.jpg,labels/train/IMG0002302.txt
IMG0002303.jpg,train,1,images/train/IMG0002303.jpg,labels/train/IMG0002303.txt
IMG0002304.jpg,train,1,images/train/IMG0002304.jpg,labels/train/IMG0002304.txt
IMG0002305.jpg,train,1,images/train/IMG0002305.jpg,labels/train/IMG0002305.txt
IMG0002306.jpg,train,1,images/train/IMG0002306.jpg,labels/train/IMG0002306.txt
IMG0002307.jpg,train,1,images/train/IMG0002307.jpg,labels/train/IMG0002307.txt
IMG0002308.jpg,train,1,images/train/IMG0002308.jpg,labels/train/IMG0002308.txt
IMG0002309.jpg,train,1,images/train/IMG0002309.jpg,labels/train/IMG0002309.txt
IMG0002310.jpg,train,1,images/train/IMG0002310.jpg,labels/train/IMG0002310.txt
IMG0002311.jpg,train,1,images/train/IMG0002311.jpg,labels/train/IMG0002311.txt
IMG0002312.jpg,train,1,images/train/IMG0002312.jpg,labels/train/IMG0002312.txt
IMG0002313.jpg,train,1,images/train/IMG0002313.jpg,labels/train/IMG0002313.txt
IMG0002314.jpg,train,1,images/train/IMG0002314.jpg,labels/train/IMG0002314.txt
IMG0002315.jpg,train,1,images/train/IMG0002315.jpg,labels/train/IMG0002315.txt
IMG0002316.jpg,train,1,images/train/IMG0002316.jpg,labels/train/IMG0002316.txt
IMG0002317.jpg,train,1,images/train/IMG0002317.jpg,labels/train/IMG0002317.txt
IMG0002318.jpg,train,2,images/train/IMG0002318.jpg,labels/train/IMG0002318.txt
IMG0002319.jpg,train,2,images/train/IMG0002319.jpg,labels/train/IMG0002319.txt
IMG0002320.jpg,train,1,images/train/IMG0002320.jpg,labels/train/IMG0002320.txt
IMG0002321.jpg,train,2,images/train/IMG0002321.jpg,labels/train/IMG0002321.txt
IMG0002322.jpg,train,1,images/train/IMG0002322.jpg,labels/train/IMG0002322.txt
IMG0002323.jpg,train,2,images/train/IMG0002323.jpg,labels/train/IMG0002323.txt
IMG0002324.jpg,train,1,images/train/IMG0002324.jpg,labels/train/IMG0002324.txt
IMG0002325.jpg,train,2,images/train/IMG0002325.jpg,labels/train/IMG0002325.txt
IMG0002326.jpg,train,1,images/train/IMG0002326.jpg,labels/train/IMG0002326.txt
IMG0002327.jpg,train,2,images/train/IMG0002327.jpg,labels/train/IMG0002327.txt
IMG0002328.jpg,train,2,images/train/IMG0002328.jpg,labels/train/IMG0002328.txt
IMG0002329.jpg,train,2,images/train/IMG0002329.jpg,labels/train/IMG0002329.txt
IMG0002330.jpg,train,1,images/train/IMG0002330.jpg,labels/train/IMG0002330.txt
IMG0002331.jpg,train,1,images/train/IMG0002331.jpg,labels/train/IMG0002331.txt
IMG0002332.jpg,train,1,images/train/IMG0002332.jpg,labels/train/IMG0002332.txt
IMG0002333.jpg,train,1,images/train/IMG0002333.jpg,labels/train/IMG0002333.txt
IMG0002334.jpg,train,1,images/train/IMG0002334.jpg,labels/train/IMG0002334.txt
IMG0002335.jpg,train,1,images/train/IMG0002335.jpg,labels/train/IMG0002335.txt
IMG0002336.jpg,train,1,images/train/IMG0002336.jpg,labels/train/IMG0002336.txt
IMG0002337.jpg,train,1,images/train/IMG0002337.jpg,labels/train/IMG0002337.txt
IMG0002338.jpg,train,1,images/train/IMG0002338.jpg,labels/train/IMG0002338.txt
IMG0002339.jpg,train,2,images/train/IMG0002339.jpg,labels/train/IMG0002339.txt
IMG0002340.jpg,train,1,images/train/IMG0002340.jpg,labels/train/IMG0002340.txt
IMG0002341.jpg,train,1,images/train/IMG0002341.jpg,labels/train/IMG0002341.txt
IMG0002342.jpg,train,1,images/train/IMG0002342.jpg,labels/train/IMG0002342.txt
IMG0002343.jpg,train,2,images/train/IMG0002343.jpg,labels/train/IMG0002343.txt
IMG0002344.jpg,train,3,images/train/IMG0002344.jpg,labels/train/IMG0002344.txt
IMG0002345.jpg,train,3,images/train/IMG0002345.jpg,labels/train/IMG0002345.txt
IMG0002346.jpg,train,1,images/train/IMG0002346.jpg,labels/train/IMG0002346.txt
IMG0002347.jpg,train,1,images/train/IMG0002347.jpg,labels/train/IMG0002347.txt
IMG0002348.jpg,train,1,images/train/IMG0002348.jpg,labels/train/IMG0002348.txt
IMG0002349.jpg,train,1,images/train/IMG0002349.jpg,labels/train/IMG0002349.txt
IMG0002350.jpg,train,1,images/train/IMG0002350.jpg,labels/train/IMG0002350.txt
IMG0002351.jpg,train,1,images/train/IMG0002351.jpg,labels/train/IMG0002351.txt
IMG0002352.jpg,train,1,images/train/IMG0002352.jpg,labels/train/IMG0002352.txt
IMG0002353.jpg,train,1,images/train/IMG0002353.jpg,labels/train/IMG0002353.txt
IMG0002354.jpg,train,1,images/train/IMG0002354.jpg,labels/train/IMG0002354.txt
IMG0002355.jpg,train,1,images/train/IMG0002355.jpg,labels/train/IMG0002355.txt
IMG0002356.jpg,train,1,images/train/IMG0002356.jpg,labels/train/IMG0002356.txt
IMG0002357.jpg,train,1,images/train/IMG0002357.jpg,labels/train/IMG0002357.txt
IMG0002358.jpg,train,1,images/train/IMG0002358.jpg,labels/train/IMG0002358.txt
IMG0002359.jpg,train,1,images/train/IMG0002359.jpg,labels/train/IMG0002359.txt
IMG0002360.jpg,train,1,images/train/IMG0002360.jpg,labels/train/IMG0002360.txt
IMG0002361.jpg,train,1,images/train/IMG0002361.jpg,labels/train/IMG0002361.txt
IMG0002362.jpg,train,1,images/train/IMG0002362.jpg,labels/train/IMG0002362.txt
IMG0002363.jpg,train,1,images/train/IMG0002363.jpg,labels/train/IMG0002363.txt
IMG0002364.jpg,train,1,images/train/IMG0002364.jpg,labels/train/IMG0002364.txt
IMG0002365.jpg,train,1,images/train/IMG0002365.jpg,labels/train/IMG0002365.txt
IMG0002366.jpg,train,1,images/train/IMG0002366.jpg,labels/train/IMG0002366.txt
IMG0002367.jpg,train,1,images/train/IMG0002367.jpg,labels/train/IMG0002367.txt
IMG0002368.jpg,train,1,images/train/IMG0002368.jpg,labels/train/IMG0002368.txt
IMG0002369.jpg,train,1,images/train/IMG0002369.jpg,labels/train/IMG0002369.txt
IMG0002370.jpg,train,1,images/train/IMG0002370.jpg,labels/train/IMG0002370.txt
IMG0002371.jpg,train,2,images/train/IMG0002371.jpg,labels/train/IMG0002371.txt
IMG0002372.jpg,train,1,images/train/IMG0002372.jpg,labels/train/IMG0002372.txt
IMG0002373.jpg,train,2,images/train/IMG0002373.jpg,labels/train/IMG0002373.txt
IMG0002374.jpg,train,1,images/train/IMG0002374.jpg,labels/train/IMG0002374.txt
IMG0002375.jpg,train,2,images/train/IMG0002375.jpg,labels/train/IMG0002375.txt
IMG0002376.jpg,train,1,images/train/IMG0002376.jpg,labels/train/IMG0002376.txt
IMG0002377.jpg,train,1,images/train/IMG0002377.jpg,labels/train/IMG0002377.txt
IMG0002378.jpg,train,2,images/train/IMG0002378.jpg,labels/train/IMG0002378.txt
IMG0002379.jpg,train,2,images/train/IMG0002379.jpg,labels/train/IMG0002379.txt
IMG0002380.jpg,train,2,images/train/IMG0002380.jpg,labels/train/IMG0002380.txt
IMG0002381.jpg,train,2,images/train/IMG0002381.jpg,labels/train/IMG0002381.txt
IMG0002382.jpg,train,3,images/train/IMG0002382.jpg,labels/train/IMG0002382.txt
IMG0002383.jpg,train,1,images/train/IMG0002383.jpg,labels/train/IMG0002383.txt
IMG0002384.jpg,train,2,images/train/IMG0002384.jpg,labels/train/IMG0002384.txt
IMG0002385.jpg,train,2,images/train/IMG0002385.jpg,labels/train/IMG0002385.txt
IMG0002386.jpg,train,1,images/train/IMG0002386.jpg,labels/train/IMG0002386.txt
IMG0002387.jpg,train,1,images/train/IMG0002387.jpg,labels/train/IMG0002387.txt
IMG0002388.jpg,train,2,images/train/IMG0002388.jpg,labels/train/IMG0002388.txt
IMG0002389.jpg,train,1,images/train/IMG0002389.jpg,labels/train/IMG0002389.txt
IMG0002390.jpg,train,1,images/train/IMG0002390.jpg,labels/train/IMG0002390.txt
IMG0002391.jpg,train,2,images/train/IMG0002391.jpg,labels/train/IMG0002391.txt
IMG0002392.jpg,train,2,images/train/IMG0002392.jpg,labels/train/IMG0002392.txt
IMG0002393.jpg,train,2,images/train/IMG0002393.jpg,labels/train/IMG0002393.txt
IMG0002394.jpg,train,2,images/train/IMG0002394.jpg,labels/train/IMG0002394.txt
IMG0002395.jpg,train,4,images/train/IMG0002395.jpg,labels/train/IMG0002395.txt
IMG0002396.jpg,train,1,images/train/IMG0002396.jpg,labels/train/IMG0002396.txt
IMG0002397.jpg,train,2,images/train/IMG0002397.jpg,labels/train/IMG0002397.txt
IMG0002398.jpg,train,2,images/train/IMG0002398.jpg,labels/train/IMG0002398.txt
IMG0002399.jpg,train,1,images/train/IMG0002399.jpg,labels/train/IMG0002399.txt
IMG0002400.jpg,train,1,images/train/IMG0002400.jpg,labels/train/IMG0002400.txt
IMG0002401.jpg,train,2,images/train/IMG0002401.jpg,labels/train/IMG0002401.txt
IMG0002402.jpg,train,2,images/train/IMG0002402.jpg,labels/train/IMG0002402.txt
IMG0002403.jpg,train,2,images/train/IMG0002403.jpg,labels/train/IMG0002403.txt
IMG0002404.jpg,train,2,images/train/IMG0002404.jpg,labels/train/IMG0002404.txt
IMG0002405.jpg,train,2,images/train/IMG0002405.jpg,labels/train/IMG0002405.txt
IMG0002406.jpg,train,1,images/train/IMG0002406.jpg,labels/train/IMG0002406.txt
IMG0002407.jpg,train,1,images/train/IMG0002407.jpg,labels/train/IMG0002407.txt
IMG0002408.jpg,train,1,images/train/IMG0002408.jpg,labels/train/IMG0002408.txt
IMG0002409.jpg,train,1,images/train/IMG0002409.jpg,labels/train/IMG0002409.txt
IMG0002410.jpg,train,2,images/train/IMG0002410.jpg,labels/train/IMG0002410.txt
IMG0002411.jpg,train,2,images/train/IMG0002411.jpg,labels/train/IMG0002411.txt
IMG0002412.jpg,train,2,images/train/IMG0002412.jpg,labels/train/IMG0002412.txt
IMG0002413.jpg,train,2,images/train/IMG0002413.jpg,labels/train/IMG0002413.txt
IMG0002414.jpg,train,2,images/train/IMG0002414.jpg,labels/train/IMG0002414.txt
IMG0002415.jpg,train,1,images/train/IMG0002415.jpg,labels/train/IMG0002415.txt
IMG0002416.jpg,train,1,images/train/IMG0002416.jpg,labels/train/IMG0002416.txt
IMG0002417.jpg,train,2,images/train/IMG0002417.jpg,labels/train/IMG0002417.txt
IMG0002418.jpg,train,2,images/train/IMG0002418.jpg,labels/train/IMG0002418.txt
IMG0002419.jpg,train,1,images/train/IMG0002419.jpg,labels/train/IMG0002419.txt
IMG0002420.jpg,train,1,images/train/IMG0002420.jpg,labels/train/IMG0002420.txt
IMG0002421.jpg,train,3,images/train/IMG0002421.jpg,labels/train/IMG0002421.txt
IMG0002422.jpg,train,4,images/train/IMG0002422.jpg,labels/train/IMG0002422.txt
IMG0002423.jpg,train,1,images/train/IMG0002423.jpg,labels/train/IMG0002423.txt
IMG0002424.jpg,train,2,images/train/IMG0002424.jpg,labels/train/IMG0002424.txt
IMG0002425.jpg,train,2,images/train/IMG0002425.jpg,labels/train/IMG0002425.txt
IMG0002426.jpg,train,1,images/train/IMG0002426.jpg,labels/train/IMG0002426.txt
IMG0002427.jpg,train,1,images/train/IMG0002427.jpg,labels/train/IMG0002427.txt
IMG0002428.jpg,train,1,images/train/IMG0002428.jpg,labels/train/IMG0002428.txt
IMG0002429.jpg,train,1,images/train/IMG0002429.jpg,labels/train/IMG0002429.txt
IMG0002430.jpg,train,1,images/train/IMG0002430.jpg,labels/train/IMG0002430.txt
IMG0002431.jpg,train,1,images/train/IMG0002431.jpg,labels/train/IMG0002431.txt
IMG0002432.jpg,train,2,images/train/IMG0002432.jpg,labels/train/IMG0002432.txt
IMG0002433.jpg,train,1,images/train/IMG0002433.jpg,labels/train/IMG0002433.txt
IMG0002434.jpg,train,1,images/train/IMG0002434.jpg,labels/train/IMG0002434.txt
IMG0002435.jpg,train,1,images/train/IMG0002435.jpg,labels/train/IMG0002435.txt
IMG0002436.jpg,train,1,images/train/IMG0002436.jpg,labels/train/IMG0002436.txt
IMG0002437.jpg,train,1,images/train/IMG0002437.jpg,labels/train/IMG0002437.txt
IMG0002438.jpg,train,1,images/train/IMG0002438.jpg,labels/train/IMG0002438.txt
IMG0002439.jpg,train,2,images/train/IMG0002439.jpg,labels/train/IMG0002439.txt
IMG0002440.jpg,train,2,images/train/IMG0002440.jpg,labels/train/IMG0002440.txt
IMG0002441.jpg,train,2,images/train/IMG0002441.jpg,labels/train/IMG0002441.txt
IMG0002442.jpg,train,1,images/train/IMG0002442.jpg,labels/train/IMG0002442.txt
IMG0002443.jpg,train,3,images/train/IMG0002443.jpg,labels/train/IMG0002443.txt
IMG0002444.jpg,train,2,images/train/IMG0002444.jpg,labels/train/IMG0002444.txt
IMG0002445.jpg,train,2,images/train/IMG0002445.jpg,labels/train/IMG0002445.txt
IMG0002446.jpg,train,3,images/train/IMG0002446.jpg,labels/train/IMG0002446.txt
IMG0002447.jpg,train,1,images/train/IMG0002447.jpg,labels/train/IMG0002447.txt
IMG0002448.jpg,train,1,images/train/IMG0002448.jpg,labels/train/IMG0002448.txt
IMG0002449.jpg,train,1,images/train/IMG0002449.jpg,labels/train/IMG0002449.txt
IMG0002450.jpg,train,1,images/train/IMG0002450.jpg,labels/train/IMG0002450.txt
IMG0002451.jpg,train,1,images/train/IMG0002451.jpg,labels/train/IMG0002451.txt
IMG0002452.jpg,train,1,images/train/IMG0002452.jpg,labels/train/IMG0002452.txt
IMG0002453.jpg,train,3,images/train/IMG0002453.jpg,labels/train/IMG0002453.txt
IMG0002454.jpg,train,2,images/train/IMG0002454.jpg,labels/train/IMG0002454.txt
IMG0002455.jpg,train,1,images/train/IMG0002455.jpg,labels/train/IMG0002455.txt
IMG0002456.jpg,train,1,images/train/IMG0002456.jpg,labels/train/IMG0002456.txt
IMG0002457.jpg,train,1,images/train/IMG0002457.jpg,labels/train/IMG0002457.txt
IMG0002458.jpg,train,3,images/train/IMG0002458.jpg,labels/train/IMG0002458.txt
IMG0002459.jpg,train,1,images/train/IMG0002459.jpg,labels/train/IMG0002459.txt
IMG0002460.jpg,train,1,images/train/IMG0002460.jpg,labels/train/IMG0002460.txt
IMG0002461.jpg,train,1,images/train/IMG0002461.jpg,labels/train/IMG0002461.txt
IMG0002462.jpg,train,1,images/train/IMG0002462.jpg,labels/train/IMG0002462.txt
IMG0002463.jpg,train,2,images/train/IMG0002463.jpg,labels/train/IMG0002463.txt
IMG0002464.jpg,train,1,images/train/IMG0002464.jpg,labels/train/IMG0002464.txt
IMG0002465.jpg,train,1,images/train/IMG0002465.jpg,labels/train/IMG0002465.txt
IMG0002466.jpg,train,1,images/train/IMG0002466.jpg,labels/train/IMG0002466.txt
IMG0002467.jpg,train,2,images/train/IMG0002467.jpg,labels/train/IMG0002467.txt
IMG0002468.jpg,train,1,images/train/IMG0002468.jpg,labels/train/IMG0002468.txt
IMG0002469.jpg,train,1,images/train/IMG0002469.jpg,labels/train/IMG0002469.txt
IMG0002470.jpg,train,1,images/train/IMG0002470.jpg,labels/train/IMG0002470.txt
IMG0002471.jpg,train,3,images/train/IMG0002471.jpg,labels/train/IMG0002471.txt
IMG0002472.jpg,train,1,images/train/IMG0002472.jpg,labels/train/IMG0002472.txt
IMG0002473.jpg,train,2,images/train/IMG0002473.jpg,labels/train/IMG0002473.txt
IMG0002474.jpg,train,3,images/train/IMG0002474.jpg,labels/train/IMG0002474.txt
IMG0002475.jpg,train,2,images/train/IMG0002475.jpg,labels/train/IMG0002475.txt
IMG0002476.jpg,train,2,images/train/IMG0002476.jpg,labels/train/IMG0002476.txt
IMG0002477.jpg,train,1,images/train/IMG0002477.jpg,labels/train/IMG0002477.txt
IMG0002478.jpg,train,1,images/train/IMG0002478.jpg,labels/train/IMG0002478.txt
IMG0002479.jpg,train,1,images/train/IMG0002479.jpg,labels/train/IMG0002479.txt
IMG0002480.jpg,train,1,images/train/IMG0002480.jpg,labels/train/IMG0002480.txt
IMG0002481.jpg,train,1,images/train/IMG0002481.jpg,labels/train/IMG0002481.txt
IMG0002482.jpg,train,1,images/train/IMG0002482.jpg,labels/train/IMG0002482.txt
IMG0002483.jpg,train,2,images/train/IMG0002483.jpg,labels/train/IMG0002483.txt
IMG0002484.jpg,train,2,images/train/IMG0002484.jpg,labels/train/IMG0002484.txt
IMG0002485.jpg,train,1,images/train/IMG0002485.jpg,labels/train/IMG0002485.txt
IMG0002486.jpg,train,2,images/train/IMG0002486.jpg,labels/train/IMG0002486.txt
IMG0002487.jpg,train,1,images/train/IMG0002487.jpg,labels/train/IMG0002487.txt
IMG0002488.jpg,train,1,images/train/IMG0002488.jpg,labels/train/IMG0002488.txt
IMG0002489.jpg,train,1,images/train/IMG0002489.jpg,labels/train/IMG0002489.txt
IMG0002490.jpg,train,1,images/train/IMG0002490.jpg,labels/train/IMG0002490.txt
IMG0002491.jpg,train,1,images/train/IMG0002491.jpg,labels/train/IMG0002491.txt
IMG0002492.jpg,train,1,images/train/IMG0002492.jpg,labels/train/IMG0002492.txt
IMG0002493.jpg,train,1,images/train/IMG0002493.jpg,labels/train/IMG0002493.txt
IMG0002494.jpg,train,1,images/train/IMG0002494.jpg,labels/train/IMG0002494.txt
IMG0002495.jpg,train,1,images/train/IMG0002495.jpg,labels/train/IMG0002495.txt
IMG0002496.jpg,train,1,images/train/IMG0002496.jpg,labels/train/IMG0002496.txt
IMG0002497.jpg,train,1,images/train/IMG0002497.jpg,labels/train/IMG0002497.txt
IMG0002498.jpg,train,1,images/train/IMG0002498.jpg,labels/train/IMG0002498.txt
IMG0002499.jpg,train,1,images/train/IMG0002499.jpg,labels/train/IMG0002499.txt
IMG0002500.jpg,train,1,images/train/IMG0002500.jpg,labels/train/IMG0002500.txt
IMG0002501.jpg,train,1,images/train/IMG0002501.jpg,labels/train/IMG0002501.txt
IMG0002502.jpg,train,1,images/train/IMG0002502.jpg,labels/train/IMG0002502.txt
IMG0002503.jpg,train,1,images/train/IMG0002503.jpg,labels/train/IMG0002503.txt
IMG0002504.jpg,train,1,images/train/IMG0002504.jpg,labels/train/IMG0002504.txt
IMG0002505.jpg,train,2,images/train/IMG0002505.jpg,labels/train/IMG0002505.txt
IMG0002506.jpg,train,2,images/train/IMG0002506.jpg,labels/train/IMG0002506.txt
IMG0002507.jpg,train,1,images/train/IMG0002507.jpg,labels/train/IMG0002507.txt
IMG0002508.jpg,train,4,images/train/IMG0002508.jpg,labels/train/IMG0002508.txt
IMG0002509.jpg,train,1,images/train/IMG0002509.jpg,labels/train/IMG0002509.txt
IMG0002510.jpg,train,1,images/train/IMG0002510.jpg,labels/train/IMG0002510.txt
IMG0002511.jpg,train,1,images/train/IMG0002511.jpg,labels/train/IMG0002511.txt
IMG0002512.jpg,train,1,images/train/IMG0002512.jpg,labels/train/IMG0002512.txt
IMG0002513.jpg,train,2,images/train/IMG0002513.jpg,labels/train/IMG0002513.txt
IMG0002514.jpg,train,2,images/train/IMG0002514.jpg,labels/train/IMG0002514.txt
IMG0002515.jpg,train,1,images/train/IMG0002515.jpg,labels/train/IMG0002515.txt
IMG0002516.jpg,train,1,images/train/IMG0002516.jpg,labels/train/IMG0002516.txt
IMG0002517.jpg,train,1,images/train/IMG0002517.jpg,labels/train/IMG0002517.txt
IMG0002518.jpg,train,1,images/train/IMG0002518.jpg,labels/train/IMG0002518.txt
IMG0002519.jpg,train,1,images/train/IMG0002519.jpg,labels/train/IMG0002519.txt
IMG0002520.jpg,train,2,images/train/IMG0002520.jpg,labels/train/IMG0002520.txt
IMG0002521.jpg,train,2,images/train/IMG0002521.jpg,labels/train/IMG0002521.txt
IMG0002522.jpg,train,1,images/train/IMG0002522.jpg,labels/train/IMG0002522.txt
IMG0002523.jpg,train,2,images/train/IMG0002523.jpg,labels/train/IMG0002523.txt
IMG0002524.jpg,train,2,images/train/IMG0002524.jpg,labels/train/IMG0002524.txt
IMG0002525.jpg,train,1,images/train/IMG0002525.jpg,labels/train/IMG0002525.txt
IMG0002526.jpg,train,3,images/train/IMG0002526.jpg,labels/train/IMG0002526.txt
IMG0002527.jpg,train,1,images/train/IMG0002527.jpg,labels/train/IMG0002527.txt
IMG0002528.jpg,train,1,images/train/IMG0002528.jpg,labels/train/IMG0002528.txt
IMG0002529.jpg,train,1,images/train/IMG0002529.jpg,labels/train/IMG0002529.txt
IMG0002530.jpg,train,1,images/train/IMG0002530.jpg,labels/train/IMG0002530.txt
IMG0002531.jpg,train,1,images/train/IMG0002531.jpg,labels/train/IMG0002531.txt
IMG0002532.jpg,train,1,images/train/IMG0002532.jpg,labels/train/IMG0002532.txt
IMG0002533.jpg,train,1,images/train/IMG0002533.jpg,labels/train/IMG0002533.txt
IMG0002534.jpg,train,1,images/train/IMG0002534.jpg,labels/train/IMG0002534.txt
IMG0002535.jpg,train,1,images/train/IMG0002535.jpg,labels/train/IMG0002535.txt
IMG0002536.jpg,train,1,images/train/IMG0002536.jpg,labels/train/IMG0002536.txt
IMG0002537.jpg,train,3,images/train/IMG0002537.jpg,labels/train/IMG0002537.txt
IMG0002538.jpg,train,1,images/train/IMG0002538.jpg,labels/train/IMG0002538.txt
IMG0002539.jpg,train,1,images/train/IMG0002539.jpg,labels/train/IMG0002539.txt
IMG0002540.jpg,train,1,images/train/IMG0002540.jpg,labels/train/IMG0002540.txt
IMG0002541.jpg,train,1,images/train/IMG0002541.jpg,labels/train/IMG0002541.txt
IMG0002542.jpg,train,1,images/train/IMG0002542.jpg,labels/train/IMG0002542.txt
IMG0002543.jpg,train,1,images/train/IMG0002543.jpg,labels/train/IMG0002543.txt
IMG0002544.jpg,train,1,images/train/IMG0002544.jpg,labels/train/IMG0002544.txt
IMG0002545.jpg,train,1,images/train/IMG0002545.jpg,labels/train/IMG0002545.txt
IMG0002546.jpg,train,1,images/train/IMG0002546.jpg,labels/train/IMG0002546.txt
IMG0002547.jpg,train,1,images/train/IMG0002547.jpg,labels/train/IMG0002547.txt
IMG0002548.jpg,train,1,images/train/IMG0002548.jpg,labels/train/IMG0002548.txt
IMG0002549.jpg,train,1,images/train/IMG0002549.jpg,labels/train/IMG0002549.txt
IMG0002550.jpg,train,1,images/train/IMG0002550.jpg,labels/train/IMG0002550.txt
IMG0002551.jpg,train,2,images/train/IMG0002551.jpg,labels/train/IMG0002551.txt
IMG0002552.jpg,train,1,images/train/IMG0002552.jpg,labels/train/IMG0002552.txt
IMG0002553.jpg,train,1,images/train/IMG0002553.jpg,labels/train/IMG0002553.txt
IMG0002556.jpg,train,1,images/train/IMG0002556.jpg,labels/train/IMG0002556.txt
IMG0002557.jpg,train,1,images/train/IMG0002557.jpg,labels/train/IMG0002557.txt
IMG0002558.jpg,train,1,images/train/IMG0002558.jpg,labels/train/IMG0002558.txt
IMG0002559.jpg,train,1,images/train/IMG0002559.jpg,labels/train/IMG0002559.txt
IMG0002560.jpg,train,4,images/train/IMG0002560.jpg,labels/train/IMG0002560.txt
IMG0002561.jpg,train,2,images/train/IMG0002561.jpg,labels/train/IMG0002561.txt
IMG0002562.jpg,train,2,images/train/IMG0002562.jpg,labels/train/IMG0002562.txt
IMG0002563.jpg,train,2,images/train/IMG0002563.jpg,labels/train/IMG0002563.txt
IMG0002564.jpg,train,2,images/train/IMG0002564.jpg,labels/train/IMG0002564.txt
IMG0002565.jpg,train,2,images/train/IMG0002565.jpg,labels/train/IMG0002565.txt
IMG0002566.jpg,train,2,images/train/IMG0002566.jpg,labels/train/IMG0002566.txt
IMG0002567.jpg,train,3,images/train/IMG0002567.jpg,labels/train/IMG0002567.txt
IMG0002568.jpg,train,2,images/train/IMG0002568.jpg,labels/train/IMG0002568.txt
IMG0002569.jpg,train,2,images/train/IMG0002569.jpg,labels/train/IMG0002569.txt
IMG0002570.jpg,train,4,images/train/IMG0002570.jpg,labels/train/IMG0002570.txt
IMG0002571.jpg,train,3,images/train/IMG0002571.jpg,labels/train/IMG0002571.txt
IMG0002572.jpg,train,5,images/train/IMG0002572.jpg,labels/train/IMG0002572.txt
IMG0002573.jpg,train,2,images/train/IMG0002573.jpg,labels/train/IMG0002573.txt
IMG0002574.jpg,train,2,images/train/IMG0002574.jpg,labels/train/IMG0002574.txt
IMG0002575.jpg,train,2,images/train/IMG0002575.jpg,labels/train/IMG0002575.txt
IMG0002576.jpg,train,2,images/train/IMG0002576.jpg,labels/train/IMG0002576.txt
IMG0002577.jpg,train,2,images/train/IMG0002577.jpg,labels/train/IMG0002577.txt
IMG0002578.jpg,train,2,images/train/IMG0002578.jpg,labels/train/IMG0002578.txt
IMG0002579.jpg,train,1,images/train/IMG0002579.jpg,labels/train/IMG0002579.txt
IMG0002580.jpg,train,1,images/train/IMG0002580.jpg,labels/train/IMG0002580.txt
IMG0002581.jpg,train,2,images/train/IMG0002581.jpg,labels/train/IMG0002581.txt
IMG0002582.jpg,train,1,images/train/IMG0002582.jpg,labels/train/IMG0002582.txt
IMG0002583.jpg,train,1,images/train/IMG0002583.jpg,labels/train/IMG0002583.txt
IMG0002584.jpg,train,1,images/train/IMG0002584.jpg,labels/train/IMG0002584.txt
IMG0002585.jpg,train,2,images/train/IMG0002585.jpg,labels/train/IMG0002585.txt
IMG0002586.jpg,train,1,images/train/IMG0002586.jpg,labels/train/IMG0002586.txt
IMG0002587.jpg,train,2,images/train/IMG0002587.jpg,labels/train/IMG0002587.txt
IMG0002588.jpg,train,2,images/train/IMG0002588.jpg,labels/train/IMG0002588.txt
IMG0002589.jpg,train,4,images/train/IMG0002589.jpg,labels/train/IMG0002589.txt
IMG0002590.jpg,train,2,images/train/IMG0002590.jpg,labels/train/IMG0002590.txt
IMG0002591.jpg,train,4,images/train/IMG0002591.jpg,labels/train/IMG0002591.txt
IMG0002592.jpg,train,2,images/train/IMG0002592.jpg,labels/train/IMG0002592.txt
IMG0002593.jpg,train,3,images/train/IMG0002593.jpg,labels/train/IMG0002593.txt
IMG0002594.jpg,train,1,images/train/IMG0002594.jpg,labels/train/IMG0002594.txt
IMG0002595.jpg,train,2,images/train/IMG0002595.jpg,labels/train/IMG0002595.txt
IMG0002596.jpg,train,2,images/train/IMG0002596.jpg,labels/train/IMG0002596.txt
IMG0002597.jpg,train,1,images/train/IMG0002597.jpg,labels/train/IMG0002597.txt
IMG0002598.jpg,train,2,images/train/IMG0002598.jpg,labels/train/IMG0002598.txt
IMG0002599.jpg,train,2,images/train/IMG0002599.jpg,labels/train/IMG0002599.txt
IMG0002600.jpg,train,1,images/train/IMG0002600.jpg,labels/train/IMG0002600.txt
IMG0002601.jpg,train,1,images/train/IMG0002601.jpg,labels/train/IMG0002601.txt
IMG0002602.jpg,train,1,images/train/IMG0002602.jpg,labels/train/IMG0002602.txt
IMG0002603.jpg,train,1,images/train/IMG0002603.jpg,labels/train/IMG0002603.txt
IMG0002604.jpg,train,1,images/train/IMG0002604.jpg,labels/train/IMG0002604.txt
IMG0002605.jpg,train,1,images/train/IMG0002605.jpg,labels/train/IMG0002605.txt
IMG0002606.jpg,train,1,images/train/IMG0002606.jpg,labels/train/IMG0002606.txt
IMG0002607.jpg,train,1,images/train/IMG0002607.jpg,labels/train/IMG0002607.txt
IMG0002608.jpg,train,1,images/train/IMG0002608.jpg,labels/train/IMG0002608.txt
IMG0002609.jpg,train,2,images/train/IMG0002609.jpg,labels/train/IMG0002609.txt
IMG0002610.jpg,train,1,images/train/IMG0002610.jpg,labels/train/IMG0002610.txt
IMG0002611.jpg,train,1,images/train/IMG0002611.jpg,labels/train/IMG0002611.txt
IMG0002612.jpg,train,1,images/train/IMG0002612.jpg,labels/train/IMG0002612.txt
IMG0002613.jpg,train,2,images/train/IMG0002613.jpg,labels/train/IMG0002613.txt
IMG0002614.jpg,train,1,images/train/IMG0002614.jpg,labels/train/IMG0002614.txt
IMG0002615.jpg,train,1,images/train/IMG0002615.jpg,labels/train/IMG0002615.txt
IMG0002617.jpg,train,1,images/train/IMG0002617.jpg,labels/train/IMG0002617.txt
IMG0002619.jpg,train,1,images/train/IMG0002619.jpg,labels/train/IMG0002619.txt
IMG0002620.jpg,train,1,images/train/IMG0002620.jpg,labels/train/IMG0002620.txt
IMG0002621.jpg,train,1,images/train/IMG0002621.jpg,labels/train/IMG0002621.txt
IMG0002622.jpg,train,1,images/train/IMG0002622.jpg,labels/train/IMG0002622.txt
IMG0002627.jpg,train,1,images/train/IMG0002627.jpg,labels/train/IMG0002627.txt
IMG0002628.jpg,train,1,images/train/IMG0002628.jpg,labels/train/IMG0002628.txt
IMG0002646.jpg,train,1,images/train/IMG0002646.jpg,labels/train/IMG0002646.txt
IMG0002647.jpg,train,1,images/train/IMG0002647.jpg,labels/train/IMG0002647.txt
IMG0002650.jpg,train,1,images/train/IMG0002650.jpg,labels/train/IMG0002650.txt
IMG0002651.jpg,train,1,images/train/IMG0002651.jpg,labels/train/IMG0002651.txt
IMG0002652.jpg,train,1,images/train/IMG0002652.jpg,labels/train/IMG0002652.txt
IMG0002653.jpg,train,1,images/train/IMG0002653.jpg,labels/train/IMG0002653.txt
IMG0002664.jpg,train,1,images/train/IMG0002664.jpg,labels/train/IMG0002664.txt
IMG0002668.jpg,train,1,images/train/IMG0002668.jpg,labels/train/IMG0002668.txt
IMG0002701.jpg,train,1,images/train/IMG0002701.jpg,labels/train/IMG0002701.txt
IMG0002704.jpg,train,1,images/train/IMG0002704.jpg,labels/train/IMG0002704.txt
IMG0002705.jpg,train,1,images/train/IMG0002705.jpg,labels/train/IMG0002705.txt
IMG0002731.jpg,train,1,images/train/IMG0002731.jpg,labels/train/IMG0002731.txt
IMG0002732.jpg,train,1,images/train/IMG0002732.jpg,labels/train/IMG0002732.txt
IMG0002737.jpg,train,1,images/train/IMG0002737.jpg,labels/train/IMG0002737.txt
IMG0002738.jpg,train,1,images/train/IMG0002738.jpg,labels/train/IMG0002738.txt
IMG0002745.jpg,train,2,images/train/IMG0002745.jpg,labels/train/IMG0002745.txt
IMG0002746.jpg,train,2,images/train/IMG0002746.jpg,labels/train/IMG0002746.txt
IMG0002749.jpg,train,1,images/train/IMG0002749.jpg,labels/train/IMG0002749.txt
IMG0002750.jpg,train,1,images/train/IMG0002750.jpg,labels/train/IMG0002750.txt
IMG0002768.jpg,train,1,images/train/IMG0002768.jpg,labels/train/IMG0002768.txt
IMG0002790.jpg,train,3,images/train/IMG0002790.jpg,labels/train/IMG0002790.txt
IMG0002791.jpg,train,1,images/train/IMG0002791.jpg,labels/train/IMG0002791.txt
IMG0002809.jpg,train,1,images/train/IMG0002809.jpg,labels/train/IMG0002809.txt
IMG0002810.jpg,train,1,images/train/IMG0002810.jpg,labels/train/IMG0002810.txt
IMG0002831.jpg,train,2,images/train/IMG0002831.jpg,labels/train/IMG0002831.txt
IMG0002832.jpg,train,1,images/train/IMG0002832.jpg,labels/train/IMG0002832.txt
IMG0002833.jpg,train,1,images/train/IMG0002833.jpg,labels/train/IMG0002833.txt
IMG0002834.jpg,train,1,images/train/IMG0002834.jpg,labels/train/IMG0002834.txt
IMG0002840.jpg,train,1,images/train/IMG0002840.jpg,labels/train/IMG0002840.txt
IMG0002846.jpg,train,1,images/train/IMG0002846.jpg,labels/train/IMG0002846.txt
IMG0002847.jpg,train,1,images/train/IMG0002847.jpg,labels/train/IMG0002847.txt
IMG0002848.jpg,train,1,images/train/IMG0002848.jpg,labels/train/IMG0002848.txt
IMG0002849.jpg,train,1,images/train/IMG0002849.jpg,labels/train/IMG0002849.txt
IMG0002885.jpg,train,1,images/train/IMG0002885.jpg,labels/train/IMG0002885.txt
IMG0002886.jpg,train,1,images/train/IMG0002886.jpg,labels/train/IMG0002886.txt
IMG0002904.jpg,train,1,images/train/IMG0002904.jpg,labels/train/IMG0002904.txt
IMG0002905.jpg,train,1,images/train/IMG0002905.jpg,labels/train/IMG0002905.txt
IMG0002934.jpg,train,1,images/train/IMG0002934.jpg,labels/train/IMG0002934.txt
IMG0002935.jpg,train,1,images/train/IMG0002935.jpg,labels/train/IMG0002935.txt
IMG0002945.jpg,train,1,images/train/IMG0002945.jpg,labels/train/IMG0002945.txt
IMG0002946.jpg,train,1,images/train/IMG0002946.jpg,labels/train/IMG0002946.txt
IMG0002970.jpg,train,1,images/train/IMG0002970.jpg,labels/train/IMG0002970.txt
IMG0002971.jpg,train,1,images/train/IMG0002971.jpg,labels/train/IMG0002971.txt
IMG0002979.jpg,train,1,images/train/IMG0002979.jpg,labels/train/IMG0002979.txt
IMG0002980.jpg,train,1,images/train/IMG0002980.jpg,labels/train/IMG0002980.txt
IMG0002987.jpg,train,1,images/train/IMG0002987.jpg,labels/train/IMG0002987.txt
IMG0002998.jpg,train,1,images/train/IMG0002998.jpg,labels/train/IMG0002998.txt
IMG0002999.jpg,train,1,images/train/IMG0002999.jpg,labels/train/IMG0002999.txt
IMG0003000.jpg,train,1,images/train/IMG0003000.jpg,labels/train/IMG0003000.txt
IMG0003001.jpg,train,1,images/train/IMG0003001.jpg,labels/train/IMG0003001.txt
IMG0003020.jpg,train,1,images/train/IMG0003020.jpg,labels/train/IMG0003020.txt
IMG0003021.jpg,train,1,images/train/IMG0003021.jpg,labels/train/IMG0003021.txt
IMG0003034.jpg,train,1,images/train/IMG0003034.jpg,labels/train/IMG0003034.txt
IMG0003035.jpg,train,1,images/train/IMG0003035.jpg,labels/train/IMG0003035.txt
IMG0003070.jpg,train,1,images/train/IMG0003070.jpg,labels/train/IMG0003070.txt
IMG0003077.jpg,train,1,images/train/IMG0003077.jpg,labels/train/IMG0003077.txt
IMG0003093.jpg,train,2,images/train/IMG0003093.jpg,labels/train/IMG0003093.txt
IMG0003094.jpg,train,1,images/train/IMG0003094.jpg,labels/train/IMG0003094.txt
IMG0003101.jpg,train,1,images/train/IMG0003101.jpg,labels/train/IMG0003101.txt
IMG0003102.jpg,train,1,images/train/IMG0003102.jpg,labels/train/IMG0003102.txt
IMG0003111.jpg,train,1,images/train/IMG0003111.jpg,labels/train/IMG0003111.txt
IMG0003112.jpg,train,1,images/train/IMG0003112.jpg,labels/train/IMG0003112.txt
IMG0003121.jpg,train,1,images/train/IMG0003121.jpg,labels/train/IMG0003121.txt
IMG0003130.jpg,train,1,images/train/IMG0003130.jpg,labels/train/IMG0003130.txt
IMG0003131.jpg,train,1,images/train/IMG0003131.jpg,labels/train/IMG0003131.txt
IMG0003132.jpg,train,1,images/train/IMG0003132.jpg,labels/train/IMG0003132.txt
IMG0003146.jpg,train,1,images/train/IMG0003146.jpg,labels/train/IMG0003146.txt
IMG0003147.jpg,train,1,images/train/IMG0003147.jpg,labels/train/IMG0003147.txt
IMG0003157.jpg,train,1,images/train/IMG0003157.jpg,labels/train/IMG0003157.txt
IMG0003164.jpg,train,1,images/train/IMG0003164.jpg,labels/train/IMG0003164.txt
IMG0003165.jpg,train,1,images/train/IMG0003165.jpg,labels/train/IMG0003165.txt
IMG0003171.jpg,train,1,images/train/IMG0003171.jpg,labels/train/IMG0003171.txt
IMG0003172.jpg,train,1,images/train/IMG0003172.jpg,labels/train/IMG0003172.txt
IMG0003182.jpg,train,1,images/train/IMG0003182.jpg,labels/train/IMG0003182.txt
IMG0003183.jpg,train,1,images/train/IMG0003183.jpg,labels/train/IMG0003183.txt
IMG0003184.jpg,train,1,images/train/IMG0003184.jpg,labels/train/IMG0003184.txt
IMG0003199.jpg,train,2,images/train/IMG0003199.jpg,labels/train/IMG0003199.txt
IMG0003200.jpg,train,1,images/train/IMG0003200.jpg,labels/train/IMG0003200.txt
IMG0003201.jpg,train,1,images/train/IMG0003201.jpg,labels/train/IMG0003201.txt
IMG0003213.jpg,train,1,images/train/IMG0003213.jpg,labels/train/IMG0003213.txt
IMG0003214.jpg,train,1,images/train/IMG0003214.jpg,labels/train/IMG0003214.txt
IMG0003217.jpg,train,1,images/train/IMG0003217.jpg,labels/train/IMG0003217.txt
IMG0003218.jpg,train,1,images/train/IMG0003218.jpg,labels/train/IMG0003218.txt
IMG0003219.jpg,train,2,images/train/IMG0003219.jpg,labels/train/IMG0003219.txt
IMG0003220.jpg,train,2,images/train/IMG0003220.jpg,labels/train/IMG0003220.txt
IMG0003233.jpg,train,1,images/train/IMG0003233.jpg,labels/train/IMG0003233.txt
IMG0003234.jpg,train,1,images/train/IMG0003234.jpg,labels/train/IMG0003234.txt
IMG0003254.jpg,train,1,images/train/IMG0003254.jpg,labels/train/IMG0003254.txt
IMG0003255.jpg,train,1,images/train/IMG0003255.jpg,labels/train/IMG0003255.txt
IMG0003264.jpg,train,1,images/train/IMG0003264.jpg,labels/train/IMG0003264.txt
IMG0003265.jpg,train,1,images/train/IMG0003265.jpg,labels/train/IMG0003265.txt
IMG0003266.jpg,train,1,images/train/IMG0003266.jpg,labels/train/IMG0003266.txt
IMG0003267.jpg,train,1,images/train/IMG0003267.jpg,labels/train/IMG0003267.txt
IMG0003279.jpg,train,1,images/train/IMG0003279.jpg,labels/train/IMG0003279.txt
IMG0003280.jpg,train,1,images/train/IMG0003280.jpg,labels/train/IMG0003280.txt
IMG0003293.jpg,train,1,images/train/IMG0003293.jpg,labels/train/IMG0003293.txt
IMG0003294.jpg,train,1,images/train/IMG0003294.jpg,labels/train/IMG0003294.txt
IMG0003733.jpg,val,1,images/val/IMG0003733.jpg,labels/val/IMG0003733.txt
IMG0003734.jpg,val,1,images/val/IMG0003734.jpg,labels/val/IMG0003734.txt
IMG0003766.jpg,val,1,images/val/IMG0003766.jpg,labels/val/IMG0003766.txt
IMG0003767.jpg,val,2,images/val/IMG0003767.jpg,labels/val/IMG0003767.txt
IMG0003770.jpg,val,1,images/val/IMG0003770.jpg,labels/val/IMG0003770.txt
IMG0003771.jpg,val,1,images/val/IMG0003771.jpg,labels/val/IMG0003771.txt
IMG0003774.jpg,val,1,images/val/IMG0003774.jpg,labels/val/IMG0003774.txt
IMG0003785.jpg,val,2,images/val/IMG0003785.jpg,labels/val/IMG0003785.txt
IMG0003786.jpg,val,1,images/val/IMG0003786.jpg,labels/val/IMG0003786.txt
IMG0003797.jpg,val,1,images/val/IMG0003797.jpg,labels/val/IMG0003797.txt
IMG0003798.jpg,val,1,images/val/IMG0003798.jpg,labels/val/IMG0003798.txt
IMG0003803.jpg,val,1,images/val/IMG0003803.jpg,labels/val/IMG0003803.txt
IMG0003810.jpg,val,1,images/val/IMG0003810.jpg,labels/val/IMG0003810.txt
IMG0003812.jpg,val,1,images/val/IMG0003812.jpg,labels/val/IMG0003812.txt
IMG0003813.jpg,val,1,images/val/IMG0003813.jpg,labels/val/IMG0003813.txt
IMG0003819.jpg,val,1,images/val/IMG0003819.jpg,labels/val/IMG0003819.txt
IMG0003820.jpg,val,1,images/val/IMG0003820.jpg,labels/val/IMG0003820.txt
IMG0003821.jpg,val,1,images/val/IMG0003821.jpg,labels/val/IMG0003821.txt
IMG0003843.jpg,val,1,images/val/IMG0003843.jpg,labels/val/IMG0003843.txt
IMG0003844.jpg,val,1,images/val/IMG0003844.jpg,labels/val/IMG0003844.txt
IMG0003847.jpg,val,1,images/val/IMG0003847.jpg,labels/val/IMG0003847.txt
IMG0003848.jpg,val,1,images/val/IMG0003848.jpg,labels/val/IMG0003848.txt
IMG0003851.jpg,val,1,images/val/IMG0003851.jpg,labels/val/IMG0003851.txt
IMG0003852.jpg,val,1,images/val/IMG0003852.jpg,labels/val/IMG0003852.txt
IMG0003870.jpg,val,1,images/val/IMG0003870.jpg,labels/val/IMG0003870.txt
IMG0003871.jpg,val,1,images/val/IMG0003871.jpg,labels/val/IMG0003871.txt
IMG0003892.jpg,val,1,images/val/IMG0003892.jpg,labels/val/IMG0003892.txt
IMG0003893.jpg,val,1,images/val/IMG0003893.jpg,labels/val/IMG0003893.txt
IMG0003905.jpg,val,2,images/val/IMG0003905.jpg,labels/val/IMG0003905.txt
IMG0003906.jpg,val,2,images/val/IMG0003906.jpg,labels/val/IMG0003906.txt
IMG0003924.jpg,val,1,images/val/IMG0003924.jpg,labels/val/IMG0003924.txt
IMG0003925.jpg,val,1,images/val/IMG0003925.jpg,labels/val/IMG0003925.txt
IMG0003926.jpg,val,1,images/val/IMG0003926.jpg,labels/val/IMG0003926.txt
IMG0003927.jpg,val,1,images/val/IMG0003927.jpg,labels/val/IMG0003927.txt
IMG0003932.jpg,val,1,images/val/IMG0003932.jpg,labels/val/IMG0003932.txt
IMG0003942.jpg,val,1,images/val/IMG0003942.jpg,labels/val/IMG0003942.txt
IMG0003943.jpg,val,1,images/val/IMG0003943.jpg,labels/val/IMG0003943.txt
IMG0003952.jpg,val,1,images/val/IMG0003952.jpg,labels/val/IMG0003952.txt
IMG0003953.jpg,val,1,images/val/IMG0003953.jpg,labels/val/IMG0003953.txt
IMG0003954.jpg,val,1,images/val/IMG0003954.jpg,labels/val/IMG0003954.txt
IMG0003955.jpg,val,1,images/val/IMG0003955.jpg,labels/val/IMG0003955.txt
IMG0004007.jpg,val,1,images/val/IMG0004007.jpg,labels/val/IMG0004007.txt
IMG0004008.jpg,val,1,images/val/IMG0004008.jpg,labels/val/IMG0004008.txt
IMG0004009.jpg,val,2,images/val/IMG0004009.jpg,labels/val/IMG0004009.txt
IMG0004010.jpg,val,2,images/val/IMG0004010.jpg,labels/val/IMG0004010.txt
IMG0004042.jpg,val,1,images/val/IMG0004042.jpg,labels/val/IMG0004042.txt
IMG0004043.jpg,val,2,images/val/IMG0004043.jpg,labels/val/IMG0004043.txt
IMG0004044.jpg,val,1,images/val/IMG0004044.jpg,labels/val/IMG0004044.txt
IMG0004045.jpg,val,1,images/val/IMG0004045.jpg,labels/val/IMG0004045.txt
IMG0004061.jpg,val,1,images/val/IMG0004061.jpg,labels/val/IMG0004061.txt
IMG0004067.jpg,val,1,images/val/IMG0004067.jpg,labels/val/IMG0004067.txt
IMG0004068.jpg,val,1,images/val/IMG0004068.jpg,labels/val/IMG0004068.txt
IMG0004071.jpg,val,1,images/val/IMG0004071.jpg,labels/val/IMG0004071.txt
IMG0004072.jpg,val,2,images/val/IMG0004072.jpg,labels/val/IMG0004072.txt
IMG0004113.jpg,val,1,images/val/IMG0004113.jpg,labels/val/IMG0004113.txt
IMG0004114.jpg,val,1,images/val/IMG0004114.jpg,labels/val/IMG0004114.txt
IMG0004116.jpg,val,1,images/val/IMG0004116.jpg,labels/val/IMG0004116.txt
IMG0004117.jpg,val,1,images/val/IMG0004117.jpg,labels/val/IMG0004117.txt
IMG0004150.jpg,val,1,images/val/IMG0004150.jpg,labels/val/IMG0004150.txt
IMG0004151.jpg,val,2,images/val/IMG0004151.jpg,labels/val/IMG0004151.txt
IMG0004187.jpg,val,1,images/val/IMG0004187.jpg,labels/val/IMG0004187.txt
IMG0004206.jpg,val,1,images/val/IMG0004206.jpg,labels/val/IMG0004206.txt
IMG0004207.jpg,val,1,images/val/IMG0004207.jpg,labels/val/IMG0004207.txt
IMG0004208.jpg,val,1,images/val/IMG0004208.jpg,labels/val/IMG0004208.txt
IMG0004209.jpg,val,1,images/val/IMG0004209.jpg,labels/val/IMG0004209.txt
IMG0004217.jpg,val,1,images/val/IMG0004217.jpg,labels/val/IMG0004217.txt
IMG0004232.jpg,val,1,images/val/IMG0004232.jpg,labels/val/IMG0004232.txt
IMG0004233.jpg,val,1,images/val/IMG0004233.jpg,labels/val/IMG0004233.txt
IMG0004262.jpg,val,1,images/val/IMG0004262.jpg,labels/val/IMG0004262.txt
IMG0004266.jpg,val,1,images/val/IMG0004266.jpg,labels/val/IMG0004266.txt
IMG0004267.jpg,val,1,images/val/IMG0004267.jpg,labels/val/IMG0004267.txt
IMG0004320.jpg,val,1,images/val/IMG0004320.jpg,labels/val/IMG0004320.txt
IMG0004333.jpg,val,1,images/val/IMG0004333.jpg,labels/val/IMG0004333.txt
IMG0004334.jpg,val,1,images/val/IMG0004334.jpg,labels/val/IMG0004334.txt
IMG0004337.jpg,val,1,images/val/IMG0004337.jpg,labels/val/IMG0004337.txt
IMG0004349.jpg,val,1,images/val/IMG0004349.jpg,labels/val/IMG0004349.txt
IMG0004356.jpg,val,1,images/val/IMG0004356.jpg,labels/val/IMG0004356.txt
IMG0004369.jpg,val,1,images/val/IMG0004369.jpg,labels/val/IMG0004369.txt
IMG0004370.jpg,val,1,images/val/IMG0004370.jpg,labels/val/IMG0004370.txt
IMG0004374.jpg,val,1,images/val/IMG0004374.jpg,labels/val/IMG0004374.txt
IMG0004375.jpg,val,1,images/val/IMG0004375.jpg,labels/val/IMG0004375.txt
IMG0004376.jpg,val,1,images/val/IMG0004376.jpg,labels/val/IMG0004376.txt
IMG0003297.jpg,test,1,images/test/IMG0003297.jpg,labels/test/IMG0003297.txt
IMG0003298.jpg,test,1,images/test/IMG0003298.jpg,labels/test/IMG0003298.txt
IMG0003301.jpg,test,1,images/test/IMG0003301.jpg,labels/test/IMG0003301.txt
IMG0003308.jpg,test,1,images/test/IMG0003308.jpg,labels/test/IMG0003308.txt
IMG0003309.jpg,test,1,images/test/IMG0003309.jpg,labels/test/IMG0003309.txt
IMG0003310.jpg,test,1,images/test/IMG0003310.jpg,labels/test/IMG0003310.txt
IMG0003311.jpg,test,1,images/test/IMG0003311.jpg,labels/test/IMG0003311.txt
IMG0003312.jpg,test,1,images/test/IMG0003312.jpg,labels/test/IMG0003312.txt
IMG0003313.jpg,test,1,images/test/IMG0003313.jpg,labels/test/IMG0003313.txt
IMG0003331.jpg,test,1,images/test/IMG0003331.jpg,labels/test/IMG0003331.txt
IMG0003332.jpg,test,1,images/test/IMG0003332.jpg,labels/test/IMG0003332.txt
IMG0003338.jpg,test,2,images/test/IMG0003338.jpg,labels/test/IMG0003338.txt
IMG0003339.jpg,test,1,images/test/IMG0003339.jpg,labels/test/IMG0003339.txt
IMG0003341.jpg,test,2,images/test/IMG0003341.jpg,labels/test/IMG0003341.txt
IMG0003342.jpg,test,1,images/test/IMG0003342.jpg,labels/test/IMG0003342.txt
IMG0003373.jpg,test,2,images/test/IMG0003373.jpg,labels/test/IMG0003373.txt
IMG0003374.jpg,test,1,images/test/IMG0003374.jpg,labels/test/IMG0003374.txt
IMG0003375.jpg,test,1,images/test/IMG0003375.jpg,labels/test/IMG0003375.txt
IMG0003376.jpg,test,1,images/test/IMG0003376.jpg,labels/test/IMG0003376.txt
IMG0003381.jpg,test,1,images/test/IMG0003381.jpg,labels/test/IMG0003381.txt
IMG0003382.jpg,test,1,images/test/IMG0003382.jpg,labels/test/IMG0003382.txt
IMG0003383.jpg,test,1,images/test/IMG0003383.jpg,labels/test/IMG0003383.txt
IMG0003394.jpg,test,2,images/test/IMG0003394.jpg,labels/test/IMG0003394.txt
IMG0003395.jpg,test,2,images/test/IMG0003395.jpg,labels/test/IMG0003395.txt
IMG0003396.jpg,test,1,images/test/IMG0003396.jpg,labels/test/IMG0003396.txt
IMG0003397.jpg,test,1,images/test/IMG0003397.jpg,labels/test/IMG0003397.txt
IMG0003398.jpg,test,1,images/test/IMG0003398.jpg,labels/test/IMG0003398.txt
IMG0003399.jpg,test,1,images/test/IMG0003399.jpg,labels/test/IMG0003399.txt
IMG0003419.jpg,test,1,images/test/IMG0003419.jpg,labels/test/IMG0003419.txt
IMG0003420.jpg,test,1,images/test/IMG0003420.jpg,labels/test/IMG0003420.txt
IMG0003458.jpg,test,1,images/test/IMG0003458.jpg,labels/test/IMG0003458.txt
IMG0003459.jpg,test,1,images/test/IMG0003459.jpg,labels/test/IMG0003459.txt
IMG0003466.jpg,test,1,images/test/IMG0003466.jpg,labels/test/IMG0003466.txt
IMG0003467.jpg,test,1,images/test/IMG0003467.jpg,labels/test/IMG0003467.txt
IMG0003477.jpg,test,1,images/test/IMG0003477.jpg,labels/test/IMG0003477.txt
IMG0003509.jpg,test,1,images/test/IMG0003509.jpg,labels/test/IMG0003509.txt
IMG0003510.jpg,test,1,images/test/IMG0003510.jpg,labels/test/IMG0003510.txt
IMG0003519.jpg,test,1,images/test/IMG0003519.jpg,labels/test/IMG0003519.txt
IMG0003520.jpg,test,1,images/test/IMG0003520.jpg,labels/test/IMG0003520.txt
IMG0003523.jpg,test,1,images/test/IMG0003523.jpg,labels/test/IMG0003523.txt
IMG0003524.jpg,test,1,images/test/IMG0003524.jpg,labels/test/IMG0003524.txt
IMG0003545.jpg,test,1,images/test/IMG0003545.jpg,labels/test/IMG0003545.txt
IMG0003564.jpg,test,1,images/test/IMG0003564.jpg,labels/test/IMG0003564.txt
IMG0003565.jpg,test,1,images/test/IMG0003565.jpg,labels/test/IMG0003565.txt
IMG0003569.jpg,test,1,images/test/IMG0003569.jpg,labels/test/IMG0003569.txt
IMG0003586.jpg,test,2,images/test/IMG0003586.jpg,labels/test/IMG0003586.txt
IMG0003587.jpg,test,1,images/test/IMG0003587.jpg,labels/test/IMG0003587.txt
IMG0003588.jpg,test,1,images/test/IMG0003588.jpg,labels/test/IMG0003588.txt
IMG0003589.jpg,test,1,images/test/IMG0003589.jpg,labels/test/IMG0003589.txt
IMG0003619.jpg,test,1,images/test/IMG0003619.jpg,labels/test/IMG0003619.txt
IMG0003620.jpg,test,1,images/test/IMG0003620.jpg,labels/test/IMG0003620.txt
IMG0003625.jpg,test,1,images/test/IMG0003625.jpg,labels/test/IMG0003625.txt
IMG0003626.jpg,test,1,images/test/IMG0003626.jpg,labels/test/IMG0003626.txt
IMG0003628.jpg,test,1,images/test/IMG0003628.jpg,labels/test/IMG0003628.txt
IMG0003653.jpg,test,1,images/test/IMG0003653.jpg,labels/test/IMG0003653.txt
IMG0003654.jpg,test,1,images/test/IMG0003654.jpg,labels/test/IMG0003654.txt
IMG0003671.jpg,test,1,images/test/IMG0003671.jpg,labels/test/IMG0003671.txt
IMG0003685.jpg,test,1,images/test/IMG0003685.jpg,labels/test/IMG0003685.txt
IMG0003686.jpg,test,1,images/test/IMG0003686.jpg,labels/test/IMG0003686.txt
IMG0003703.jpg,test,1,images/test/IMG0003703.jpg,labels/test/IMG0003703.txt
IMG0003704.jpg,test,1,images/test/IMG0003704.jpg,labels/test/IMG0003704.txt
IMG0003712.jpg,test,1,images/test/IMG0003712.jpg,labels/test/IMG0003712.txt
IMG0003713.jpg,test,1,images/test/IMG0003713.jpg,labels/test/IMG0003713.txt
